,Time,Observations,Predictions,Pred_Variance
0,0.28058845,-0.06856118142604828,,
1,0.26151943,0.055666908621788025,,
2,0.1991077,0.04676765203475952,,
3,0.19337025,0.03150437772274017,,
4,0.18610121,0.12336108088493347,,
5,0.19021398,0.4370901882648468,,
6,0.16191572,0.691211462020874,0.19913188858245678,1.1512630668294292
7,0.15435009,0.6225007772445679,0.23266516064287035,1.1659827432794407
8,0.14801458,0.46469515562057495,0.20124555767941638,1.152124466784393
9,0.14713728,0.48022371530532837,0.20022297676724182,1.1517066107309415
10,0.16934316,0.47680947184562683,0.24354999588944726,1.1712442055624834
11,0.18357076,0.41077497601509094,0.34095506516692287,1.2288754117293854
12,0.19178447,0.2562480866909027,0.34964378236187243,1.2349380436934776
13,0.20398176,0.015540367923676968,0.3250685304369051,1.2181808522806077
14,0.21592341,0.026635324582457542,0.28776541869280303,1.1950531372626234
15,0.2505641,0.17880788445472717,0.23899899550968087,1.1690155383593872
16,0.24834414,0.29341936111450195,0.2153789288709425,1.1581139745772964
17,0.21108687,0.6121172904968262,0.07536588474930228,1.1164033717765423
18,0.13733988,1.0433323383331299,-0.19456481774556555,1.1466460367919324
19,0.055981413,0.9771416187286377,-0.3864222571041615,1.2567389711024934
20,-0.050248113,0.7856271266937256,-0.4473088994580555,1.3070660947985122
21,-0.11839867,0.7918626666069031,-0.45458157429440077,1.3135731763674008
22,-0.19351265,0.5904291272163391,-0.29977119408740827,1.197900027336721
23,-0.25366965,0.45487821102142334,-0.13991592602947206,1.1287583376874328
24,-0.2599864,0.5342211127281189,0.050467154767548594,1.11303238107549
25,-0.2866273,0.4422759413719177,0.10697013399068389,1.1223922608862973
26,-0.32003227,0.3706054389476776,0.11427846817068404,1.1240615495243096
27,-0.36990777,0.5938597321510315,0.2598801466322152,1.1795822245713734
28,-0.4229659,0.21780717372894287,0.25138399603492867,1.1751776123734865
29,-0.4467631,0.526246190071106,0.17033341787586959,1.1404168251322229
30,-0.6119696,0.9832345247268677,0.21102634857892585,1.156226845559021
31,-0.7079012,0.6853103041648865,0.16336757480714958,1.138042438810267
32,-0.81925935,0.5983337759971619,0.09521262170642103,1.1199309072547348
33,-0.8879847,0.43580129742622375,0.0982583425479554,1.1205419740991291
34,-1.0160578,0.48281148076057434,-0.040633767416944265,1.111543865122863
35,-1.1532393,0.5712072849273682,0.008189048001306709,1.1103094089236822
36,-1.3188903,0.6650220155715942,-0.013389056263448947,1.1102671093926197
37,-1.4149084,0.6264439821243286,-0.11063696247752211,1.1216320551653622
38,-1.4919899,0.6664628386497498,-0.08014026438918627,1.1160323453969934
39,-1.5017143,0.5243960618972778,-0.12409504466258706,1.1246947338085265
40,-1.5326896,0.40768685936927795,-0.27584450043422787,1.1842987694245528
41,-1.6188412,0.6782582998275757,-0.3213393590250736,1.2111418075078886
42,-1.6516558,0.6615899205207825,-0.29775648949997635,1.1967106114748876
43,-1.5761039,0.2404390275478363,-0.39353493655072175,1.2622356276344022
44,-1.4358841,0.46899348497390747,-0.4966322174243256,1.353271232547882
45,-1.2446218,-2.519367218017578,-0.5650897405825129,1.4254639111918108
46,-0.70240617,-4.81069803237915,-0.7431967635069376,1.657203624600207
47,-0.19921951,-1.9405722618103027,-0.9496021341591885,2.0051284826875375
48,-0.118745275,-1.3963415622711182,-0.9767862737181154,2.057301047226562
49,0.24301651,-2.7395570278167725,-0.9632240504844899,2.0310873038164616
50,0.68459886,-1.675045371055603,-0.7679830902971181,1.6944827445855293
51,1.0114088,-0.31656405329704285,-1.3779077594823979,2.998947263352451
52,1.1772501,-0.07057546824216843,-1.7796574396499483,4.264621421155469
53,1.3145882,0.07050913572311401,-0.841333122495009,1.8120009318596995
54,1.3350298,0.04186128079891205,-0.6166675475291764,1.4860470475225114
55,1.3830554,-0.24296888709068298,-0.738476707748051,1.650243840247822
56,1.377473,-0.4573791027069092,-0.3478622531584302,1.228701058956557
57,1.4103105,-0.7425202131271362,0.026037447641278633,1.1110480971174872
58,1.442213,-0.6544631719589233,0.2196956342245874,1.1600229722087076
59,1.4684227,-0.13953512907028198,0.32313269270110384,1.2169121786999286
60,1.4718796,0.10453997552394867,0.3919831711333331,1.2666412386236956
61,1.5383068,0.22379374504089355,0.4350798437976064,1.3025934880588685
62,1.5590402,0.27209994196891785,0.39295656608644913,1.267412264809125
63,1.5677623,0.3653096556663513,0.4408229067814652,1.307664974817399
64,1.529948,0.4679047465324402,0.6612909040876359,1.552224418052748
65,1.5660849,0.4610183835029602,0.6983929874229649,1.6029371854131707
66,1.5209612,0.2961910665035248,0.6326151217299717,1.5149153230593124
67,1.4444045,0.44204235076904297,0.5674166619964783,1.4362082581399604
68,1.4006103,0.608519434928894,0.4709153811596667,1.335316907242537
69,1.3583463,0.6777485013008118,0.4838527020742762,1.3477616835241715
70,1.3184627,0.8229849934577942,0.5315959822626783,1.3965843911218727
71,1.2691951,0.6562964916229248,0.5104499516772523,1.37439784386004
72,1.2217792,0.5349657535552979,0.3255298274399722,1.2184842743814677
73,1.1473501,0.5482534170150757,0.41921839080060214,1.288929503892068
74,1.0543654,0.510399580001831,0.5943444362473475,1.4676847098580077
75,0.8441401,0.36005908250808716,0.5921987359408949,1.4651233799368493
76,0.6662724,0.22408540546894073,0.6209667028383921,1.5002296705962672
77,0.54041266,-0.18004032969474792,0.5358128818343224,1.4011157413992723
78,0.26100054,-1.0322182178497314,0.45197669180919514,1.3177029341381952
79,-0.033312935,-1.29604971408844,0.4591761247162387,1.324314267858843
80,-0.29645807,-1.490543007850647,0.46142768541483503,1.3264031850825964
81,-0.52344483,-2.253769874572754,0.3968360645429103,1.2705040425006213
82,-0.75966877,-2.233076572418213,0.2976178264541593,1.200891117954969
83,-1.0964998,-1.5504746437072754,0.16328979787178938,1.1380164754941708
84,-1.3265935,-1.1181159019470215,-0.06442623934088347,1.1138731409801543
85,-1.4925494,-0.6090611219406128,-0.1260299256460984,1.1251648415151825
86,-1.5842655,-0.1772075742483139,-0.2271639399334762,1.1601606043701054
87,-1.5632894,-0.002474135020747781,-0.4990331761091438,1.355644592420325
88,-1.4612858,-0.14135785400867462,-0.5271906594733207,1.384338856772764
89,-1.2665969,-0.5383247137069702,-0.38583958025400417,1.2562931641527475
90,-1.0197148,-0.8281026482582092,-0.40736806479412524,1.273215572117214
91,-0.7164299,-0.8549472689628601,-0.3299371819683495,1.2166798048424519
92,-0.48898262,-0.6731613874435425,-0.11971888897625949,1.1236591006947236
93,-0.25024244,-0.5312086343765259,0.01484906559655183,1.1105652561136168
94,0.051268514,-0.11725050210952759,0.04550508123468869,1.1126155533736735
95,0.26548773,0.3028907775878906,-0.020293935122557394,1.11052724081373
96,0.55002946,0.1490698903799057,-0.18097005510086395,1.1416380720052244
97,0.84949064,0.019504446536302567,-0.3280823228488595,1.21547255272392
98,1.1849846,0.26767870783805847,-0.3656786980895913,1.2412862508048212
99,1.3650416,0.5556130409240723,-0.47103743395671965,1.3286872038604385
100,1.536999,0.5509980916976929,-0.6343195783077407,1.5080031168114099
101,1.7130871,0.6448274254798889,-0.6521069729135328,1.5307579303028254
102,1.8613333,0.9352405071258545,-0.6972886330817001,1.591402349446685
103,1.9215506,0.828266978263855,-0.6524874339051854,1.5312515533670374
104,1.9023747,1.0939239263534546,-0.2772520898573999,1.1850672235626072
105,1.8815789,1.441353678703308,0.047926751108469834,1.1128238560429833
106,1.8147217,1.5109738111495972,0.4922390711705565,1.3560075983839868
107,1.7412581,0.2652718722820282,0.8522962411903695,1.8426952978277187
108,0.46304262,0.23530732095241547,0.9371266413175057,1.9951001686573513
109,-0.22674952,0.489689439535141,0.8265000798863633,1.799204088697687
110,-0.5442382,-0.5003259181976318,0.8372362455003702,1.8171431116671295
111,-0.89892405,-0.45402559638023376,0.934981109709612,1.9910681396390988
112,-1.0939916,-0.49647217988967896,1.0113495695862982,2.1402532376473
113,-1.2450297,-0.7971574664115906,0.7333511314968366,1.6532386136438282
114,-1.3613888,-1.0023118257522583,0.4169592726775347,1.2870243037990368
115,-1.3647474,-0.9760115742683411,0.3546402115050532,1.2383321223094494
116,-1.2413678,-0.4776800870895386,0.06318536279096415,1.1146526231747989
117,-1.2307187,0.6690039038658142,0.0009372028459608273,1.1102548425324346
118,-1.2740577,1.0492043495178223,-0.07982029462290263,1.1160981716304175
119,-1.2875826,1.1071298122406006,-0.2096014006533941,1.1528126098195683
120,-1.2848182,1.1574187278747559,-0.30950660825259674,1.2040221617597124
121,-1.2237946,1.0227010250091553,-0.3678773944947251,1.242883374607238
122,-1.224566,0.8494344353675842,-0.2549477646702243,1.1733565707589477
123,-1.2155881,0.6702818870544434,0.013166432502839887,1.1104513429625713
124,-1.2012352,0.6156392693519592,0.04806138612554084,1.1128714217745845
125,-1.1857204,0.47054919600486755,0.028658964576969453,1.111256229319543
126,-1.1654258,0.4027515947818756,0.09976409394483518,1.1208518423380578
127,-1.1100283,0.416869580745697,0.14047163170490537,1.1308969290794038
128,-1.081844,0.1758081465959549,0.08420679582834206,1.1178774432938665
129,-0.9594773,0.0806533545255661,-0.006280404638954212,1.1101781861755773
130,-0.88269526,-0.15159574151039124,-0.06854737538038835,1.1143916347367568
131,-0.71280855,0.09621518105268478,-0.14195418816609953,1.1293182682859517
132,-0.66440564,0.48079434037208557,-0.18846098769713177,1.1443518176685115
133,-0.5416887,0.2525673508644104,-0.2530775406947783,1.1724198410305875
134,-0.56302,0.4203900992870331,-0.48051570420668926,1.3376384143361164
135,-0.55740166,0.5040037035942078,-0.5531954441178407,1.4122478624874495
136,-0.7236868,0.3007575273513794,-0.5995170264319223,1.465311651325306
137,-0.9619595,0.71751868724823,-0.5640527610147719,1.4243004385806683
138,-1.2042036,-0.13423772156238556,-0.554148114352691,1.4132959743239841
139,-1.5332234,-1.3766264915466309,-0.6835161726089934,1.57248388488524
140,-1.7261271,-1.191050410270691,-0.583445319132045,1.4464145051192843
141,-1.7699739,-1.0453013181686401,-0.30649398905516473,1.2019276865830528
142,-1.6936575,-0.7215767502784729,-0.1722122917607517,1.1386076928698592
143,-1.5792946,-0.46296384930610657,0.11353351449114477,1.1238865060525185
144,-1.4387046,-0.3280582129955292,0.03159966288631853,1.1114085143012291
145,-1.2760015,-0.3076218068599701,-0.3317839103606708,1.2178886008291758
146,-1.0980797,-0.271746426820755,-0.28336876775172215,1.1884525634777536
147,-0.95995104,-0.22668026387691498,-0.27658220470369077,1.184940421620859
148,-0.8145159,-0.2140945941209793,-0.2806890033513971,1.1869602094788818
149,-0.6753252,-0.18698877096176147,-0.25309618455629157,1.17242914456765
150,-0.48727322,-0.15754243731498718,-0.17975706557965287,1.1412091991652105
151,-0.29974493,-0.11521897464990616,-0.12432627527302267,1.1247505207398165
152,-0.06735417,-0.16328351199626923,-0.13414135026601354,1.1272171209173338
153,0.14012665,-0.1710110753774643,-0.16062165236480175,1.134832927181442
154,0.40016064,-0.10430765897035599,-0.20685575948303722,1.1514918668024232
155,0.5920218,0.05666051432490349,-0.3121884839091648,1.20540999641011
156,0.7877075,0.17555123567581177,-0.38267026838666784,1.2538802100153092
157,0.88783634,0.3483618497848511,-0.37188313425878033,1.2458179804465779
158,1.0163572,0.5394299626350403,-0.34170496064435396,1.2244992800178907
159,1.1397449,0.5222985148429871,-0.2859155769237448,1.1898841861326601
160,1.2390137,0.48085644841194153,-0.19789045426626303,1.1479273877987384
161,1.340104,0.6438158750534058,-0.03560275053038514,1.1111963415392454
162,1.3315713,0.8382027745246887,0.17212623633176807,1.1410436302512683
163,1.346497,0.6086811423301697,0.2904580317623814,1.1966293492187294
164,1.1015006,-0.2539767324924469,0.3842873993873701,1.2606121334113758
165,0.7879708,-0.995006799697876,0.40597330077083627,1.2779049267342226
166,0.4677951,-1.3368548154830933,0.5011792451902256,1.3649529453974034
167,0.21983612,-1.7157373428344727,0.6845804469593098,1.5837359068601118
168,0.16021742,-1.8554885387420654,0.717623487526811,1.6303055866666991
169,0.12127088,-2.1435794830322266,0.4865060628470126,1.3503553942842712
170,0.31697118,-2.184229850769043,-0.0430085433197154,1.1117254927422766
171,0.44195366,-2.007106304168701,-0.5086126089574802,1.365228675872975
172,0.6583692,-1.0178475379943848,-0.7971261986656525,1.739886220598833
173,0.618223,0.24540157616138458,-0.9885662612150802,2.0803685271879924
174,0.6290777,0.5696784257888794,-0.9555123563356527,2.0163458135926033
175,0.6054833,0.7301642894744873,-1.0708139509998842,2.24915887332038
176,0.6340101,0.7986624836921692,-0.9009775473653612,1.915492977314688
177,0.6371969,0.8915514349937439,-0.5571989209636923,1.4166646344944398
178,0.66155744,0.9967312812805176,-0.17707864868125522,1.1402726226455118
179,0.70164657,1.077161192893982,0.244284849749755,1.1716079546612512
180,0.732626,1.133881688117981,0.4027152500960685,1.2752468498122642
181,0.75179714,0.9348539113998413,0.5099627222469005,1.3738971800618878
182,0.7835885,0.6602205038070679,0.5554746274744241,1.4224252706177312
183,0.7764876,0.6266208291053772,0.5740168605405944,1.443489582796866
184,0.77246857,0.639319896697998,0.6145767783207141,1.4919635614744442
185,0.68244493,0.6451960206031799,0.664176219131711,1.5560694680253744
186,0.68880475,0.5861307382583618,0.6787791127274071,1.5757850630418626
187,0.6921097,0.4567752182483673,0.5853312299530741,1.4569875123938756
188,0.6939983,0.2632228136062622,0.49954636027996313,1.3633071836996262
189,0.70944566,-0.0015758539084345102,0.42198969082144694,1.2912805872252056
190,0.7673042,-0.1416393667459488,0.3871287735558746,1.2628243605097587
191,0.77357095,-0.10765000432729721,0.43382212152343885,1.3014916450253828
192,0.8155564,-0.10578478127717972,0.38544107882278095,1.2615084140265014
193,0.8285497,-0.06351790577173233,0.2556451452277412,1.177368650326004
194,0.84967476,-0.03094482235610485,0.22878055923716853,1.164162395648611
195,0.85827875,-0.035393837839365005,0.19285583917732962,1.1487579940431698
196,0.8708123,-0.03339172154664993,0.09058878910738177,1.119038684573432
197,0.8745472,0.0038969884626567364,0.08341036031374202,1.1177382443150499
198,0.8738158,0.024414874613285065,0.10822900528037714,1.1226721828092294
199,0.8712596,-0.0052690692245960236,0.08841417489358387,1.1186338512781753
200,0.868029,0.03957471251487732,0.08946578216196113,1.118828440964823
201,0.86570555,0.25086092948913574,0.07368492067691645,1.116140786508807
202,0.84665805,0.33604827523231506,0.09894762827441361,1.1206828408574179
203,0.83402944,0.8736827969551086,0.179721556573912,1.1437704117397542
204,0.48854506,1.9761558771133423,0.19653219710809827,1.1502158476900268
205,-0.0062712366,1.883592963218689,0.1802128575189316,1.1439507657231502
206,-0.35997418,1.1819214820861816,0.19661832947801186,1.1502503274108278
207,-0.87212855,0.7795381546020508,0.25146920711923565,1.1752210711777
208,-1.3227293,0.27597153186798096,0.28715873421739724,1.194699995657407
209,-1.5546734,-0.011275222525000572,0.41674167932705164,1.2868413379803934
210,-1.7270263,-0.2939167618751526,0.762459678605224,1.6969879192092232
211,-1.7673135,-0.5273376703262329,0.8433758716521574,1.8275054033808662
212,-1.7210753,-1.0391238927841187,0.6595654333394986,1.549932964179709
213,-1.5223477,-1.041945219039917,0.46374635959959426,1.3285649646762308
214,-1.3096212,-0.7715340852737427,0.21367638905103176,1.1573713001057595
215,-1.028643,-0.6791081428527832,0.021906842436027335,1.1108204817818692
216,-0.77335423,-0.3536565601825714,-0.13175850131372457,1.1266005836646724
217,-0.5680798,-0.2947404086589813,-0.2396748648488145,1.165911607540761
218,-0.32679498,-0.3867090344429016,-0.40130864985580594,1.2683588516235345
219,-0.11231322,-0.5419792532920837,-0.35108134832479454,1.230927975215924
220,0.09719306,-0.5328173041343689,-0.17830180557153724,1.1406985505179303
221,0.28829855,-0.4229739010334015,-0.0797456765141222,1.115972081713653
222,0.47608104,-0.2486448436975479,-0.03601416379314562,1.1112228598423615
223,0.6452606,-0.12548065185546875,-0.09320287369133956,1.118203126791817
224,0.8160357,-0.2336370199918747,-0.09256378989526405,1.1180889823634617
225,1.0209472,-0.35014432668685913,-0.2415416023846524,1.1667965459691203
226,1.2123152,-0.09031412750482559,-0.3597241216737274,1.23700942087759
227,1.4808372,0.1539347916841507,-0.32685000128756586,1.2146742893004294
228,1.6769695,0.23823653161525726,-0.36118223395341165,1.238050142755635
229,1.8595697,0.4272874891757965,-0.2977190629721389,1.1966885928779767
230,1.9444011,0.4935652017593384,-0.28324762268702985,1.188384788134336
231,1.920795,0.4864274561405182,-0.35723142156176113,1.2352401142128109
232,2.0194764,0.37564170360565186,-0.2361329801322499,1.1642517119886135
233,1.3514787,0.16895918548107147,-0.15182950732978123,1.1321487657268925
234,0.86708224,-0.5498631596565247,-0.19433717199803724,1.1465591349212068
235,0.46703798,-1.2718206644058228,-0.017987037937658545,1.1103784531382892
236,0.10563878,-1.2027117013931274,0.1303015474860334,1.1280952046814863
237,-0.107068256,-0.7964333891868591,0.22830110595733455,1.1639398133123944
238,-0.2396553,-0.6366671323776245,0.42648732265254496,1.2951289288737502
239,-0.37258476,-0.6108849048614502,0.35527663097771733,1.2389490865935444
240,-0.39860192,-0.3379814326763153,0.24593863762255497,1.1724305219485505
241,-0.42902428,-0.10217462480068207,0.1158069015049801,1.124424163724994
242,-0.4429497,0.15354932844638824,0.058776927670390305,1.114059300392983
243,-0.45093697,0.4871266186237335,0.09769913669698935,1.1204306120561394
244,-0.4491185,0.7737322449684143,0.05425996534242841,1.1135461244323026
245,-0.45658898,0.6945593953132629,-2.952150433674361e-05,1.1101835018070794
246,-0.45399114,0.4001609981060028,0.13442472873923278,1.129195191737532
247,-0.4270252,0.3407183587551117,0.2319897445464646,1.1655811935729172
248,-0.40937665,0.3954715430736542,0.26971653307357935,1.1847551879177898
249,-0.38201404,0.5060085654258728,0.3379208152519641,1.2266437992406292
250,-0.32874194,0.6379740834236145,0.3634279164859529,1.2446996470210174
251,-0.2909019,0.7966820001602173,0.3036757124761824,1.2044487560763077
252,-0.25289586,0.9799849987030029,0.19479752769942987,1.1495245992221503
253,-0.20552793,0.9270281195640564,0.15329921747205055,1.1347820318596993
254,-0.17380251,0.9367413520812988,0.1491088894349593,1.1334848386554084
255,-0.13495947,1.2913130521774292,0.14643131790667244,1.1326743363765464
256,-0.15339985,1.3506947755813599,0.03618583752151061,1.1117522288622845
257,-0.17548066,1.1250944137573242,-0.11413904425945086,1.1223941631427905
258,-0.14927529,1.0845918655395508,-0.26979697560585025,1.1810422911853113
259,-0.114247,1.1838836669921875,-0.3653782455615931,1.2410687542303374
260,-0.10686196,0.9344353079795837,-0.44789472335645486,1.3075863317957162
261,-0.05793462,0.4954344630241394,-0.5026683324383168,1.359259905163668
262,-0.00911912,0.5342445373535156,-0.5474639150974742,1.405980440936069
263,0.021098314,0.7087714672088623,-0.457466516757261,1.3161837255596671
264,0.0956309,0.6879412531852722,-0.267020382100869,1.179571648858517
265,0.07518309,0.6905937194824219,-0.0767457180090089,1.1155240946476306
266,0.12600808,0.6097216010093689,0.025441197936135335,1.111013133659289
267,0.16337578,0.4424985349178314,-0.06409277520003194,1.1138326722030172
268,0.20593289,0.1956060826778412,-0.0012578317191999921,1.1101762879979356
269,0.21874003,-0.7570043206214905,0.12080242799608087,1.1256419214019786
270,0.22192897,-1.866206169128418,0.12394436224396525,1.126433396938156
271,0.12446329,-3.2467851638793945,0.13072565558985946,1.1282089451778643
272,-0.1002118,-2.1773300170898438,0.14421733727043337,1.1320149931009358
273,-0.10602079,-0.9518500566482544,0.11051176331227211,1.123187860304006
274,-0.19339108,-1.8392634391784668,0.13527920495642876,1.1294528162536206
275,-0.22644667,-1.8530360460281372,-0.013705068326541614,1.1102734087194344
276,-0.31020012,-1.829094409942627,-0.23481992022480389,1.163642724528937
277,-0.3839096,-1.4509938955307007,-0.5858869070159732,1.4492520499960604
278,-0.5635788,-1.1534535884857178,-0.3578215691527421,1.2356578753747645
279,-0.7092234,-0.5376242995262146,-0.06624278711345802,1.11409750046933
280,-0.7288832,-0.00476070586591959,-0.3092222308901275,1.2035879742836
281,-0.6187642,-0.13318611681461334,-0.2806187049832238,1.1869212538208422
282,-0.50636417,-0.08386441320180893,-0.2937852962237092,1.1943899196758987
283,-0.38503975,-0.0716933012008667,-0.2089631367132234,1.152353064608166
284,-0.18461405,-0.0714762806892395,-0.15112288043527594,1.1320996536397965
285,0.034508374,-0.18832363188266754,-0.014719217831228149,1.1103684363415565
286,0.26619828,-0.14639240503311157,0.11348523557345427,1.1238674190111333
287,0.44027203,-0.03136901557445526,0.20662254972179023,1.154289268485448
288,0.5753152,0.26394686102867126,0.302919006683129,1.203984803621285
289,0.6982111,0.7450487017631531,0.29205740395068813,1.1974515168634865
290,0.7713961,0.920720636844635,0.24353432384610213,1.17123645973927
291,0.85502946,0.9714697599411011,0.026512047050417663,1.111076435354101
292,0.9005032,0.9460883140563965,-0.0872420696772506,1.1171702110359112
293,0.9522083,0.8839059472084045,-0.21881793844813957,1.1564981988837526
294,1.0744033,1.0708386898040771,-0.4403817248733496,1.3009665075633934
295,1.1533967,1.3518637418746948,-0.5213036405916178,1.3782085038935699
296,1.2112497,1.554136037826538,-0.3985304893447783,1.2661566625940526
297,1.1713057,1.874098300933838,-0.15343861580179374,1.1326284535393651
298,1.1763297,1.693281888961792,-0.019432616507982725,1.1104221954024744
299,1.1664337,0.45185354351997375,0.1511857179159826,1.1341233697782116
300,1.0691605,-0.6634979248046875,0.522464266224697,1.3868936263552782
301,1.004676,-1.286802053451538,0.7868029632906075,1.7348763661456301
302,0.75606275,-1.8902101516723633,0.9192848366185774,1.961332263864211
303,0.49136376,-1.8303309679031372,1.0798535221621455,2.2833792501423114
304,0.1431586,-1.5525596141815186,1.0160103715389424,2.1491560171023014
305,0.014368278,-1.4580942392349243,0.6401471127891296,1.5242141584133635
306,-0.12420765,-1.1316561698913574,0.3035677723013258,1.2045107431506996
307,-0.18084581,-1.0660113096237183,0.04329248717736456,1.1123679392645978
308,-0.19490811,-0.25214052200317383,-0.15822192140855845,1.1340849711976788
309,-0.23081923,0.5623686909675598,-0.1842839987574022,1.1428247745059934
310,-0.25786158,0.4508616328239441,-0.25525358717196867,1.173510412029754
311,-0.2553756,0.41415879130363464,-0.24652109149975623,1.1691911941699218
312,-0.25752333,0.3590491712093353,-0.27704058810355364,1.1849515041065677
313,-0.19729616,0.19778648018836975,-0.49025872940235404,1.3470269310503378
314,-0.17348854,0.15639005601406097,-0.44102889207483775,1.3015322936898677
315,-0.1430134,0.41234874725341797,-0.29520127799794427,1.1952137750660223
316,-0.16904794,0.49156454205513,-0.2606701616619341,1.1762661671100914
317,-0.16036536,0.26452159881591797,-0.1879580869336071,1.1441661171523438
318,-0.08341832,0.010064779780805111,-0.12531856987760293,1.1249911368386944
319,-0.074756585,-0.08933591842651367,-0.016681787105205098,1.1103425476222448
320,-0.03308371,-0.14813877642154694,0.06300544358944707,1.11460453656075
321,0.03083113,-0.11603409796953201,0.149908203021592,1.1337295704107324
322,0.04201081,0.10297712683677673,0.20307949036037176,1.152879103224778
323,0.07932919,0.09119279682636261,0.15172662761695593,1.1342910910839858
324,0.11432065,-0.1070752963423729,0.11712005220434106,1.1247394344793331
325,0.13076682,-0.017513524740934372,0.053698678726034184,1.1134517594419513
326,0.20460828,0.037401288747787476,-0.0290645726945899,1.1108203504405143
327,0.27128696,0.1962652951478958,0.00745935566504656,1.110292765582292
328,0.265321,0.20919229090213776,0.1253163359097999,1.126785199804626
329,0.3255329,0.07864300906658173,0.1062191497311334,1.1222267818120495
330,0.28878686,0.1763414740562439,-0.04336240610408374,1.1117535224407482
331,0.25828397,0.11366578191518784,-0.004882542839994827,1.1101725910373899
332,0.26213622,0.03287768363952637,0.09348168362471149,1.1195918950477317
333,0.2630642,0.0198774803429842,0.15924851793846895,1.1366840710656696
334,0.29427356,0.02525218389928341,0.04953376066040123,1.1129919826981136
335,0.31790754,0.030614487826824188,-0.14597806497461946,1.1304480600084157
336,0.3136211,0.12302252650260925,-0.08857710630743147,1.1173953768039795
337,0.33382162,0.22323012351989746,0.020985798048418214,1.1107743807954837
338,0.2686176,0.10525554418563843,0.018976654300737958,1.1106797043981167
339,0.2118044,-0.11189182102680206,0.1320642608019928,1.1285703019539444
340,0.30677092,-0.12675732374191284,0.2260185653643273,1.1628864665289613
341,0.31185472,-0.04233812540769577,0.22250223808778952,1.1612841426107932
342,0.39413357,-0.014352249912917614,0.3445074188996402,1.231181671672782
343,0.39286384,0.026879796758294106,0.3520264367908279,1.236467995827346
344,0.38020256,0.017875412479043007,0.1270010439052809,1.127222343938292
345,0.37058502,0.12719383835792542,0.031488979586284695,1.1114007389156748
346,0.3565394,0.12205533683300018,0.07856658926047695,1.1169189821675132
347,0.3331597,0.21717286109924316,0.07443993150894351,1.116258028486063
348,0.29799944,0.2907900810241699,0.10130285846114859,1.1211713410199338
349,0.2523395,0.10785994678735733,0.11594141638731849,1.1244563004905646
350,0.25892022,0.1117977648973465,0.09133570620014579,1.119179915244275
351,0.27557617,0.07344791293144226,0.17403836255878458,1.1417192320705247
352,0.2913298,0.09267258644104004,0.22380550644219513,1.161875133172117
353,0.25999683,0.12289267033338547,0.21785025052693124,1.1592023186521592
354,0.26998946,0.07152048498392105,0.20657182498892906,1.1543347488871756
355,0.27457523,0.08344841748476028,0.18406793152912837,1.1453826986389346
356,0.28486583,0.03790551796555519,0.27656880378020937,1.1885432049677545
357,0.29442084,0.02297385223209858,0.3737185234157291,1.2523524939721122
358,0.30767113,-0.03126395493745804,0.4411792861692936,1.3077664112736138
359,0.327723,0.10894730687141418,0.42966763680133785,1.2976663948976872
360,0.35014626,0.1920180320739746,0.46876958262352775,1.3330522411860182
361,0.3966682,0.05345233902335167,0.3515081164104299,1.2360999566596482
362,0.4122051,0.07152879983186722,0.15174242063428195,1.1342959968587758
363,0.38367766,0.057901252061128616,0.058930206245834886,1.1140784398964496
364,0.3952762,0.003691026708111167,-0.08948782322095192,1.1175510225342935
365,0.404197,-0.0060193948447704315,-0.032139287042120324,1.1109865189274333
366,0.39170727,0.03396233171224594,-0.049667603369185076,1.1122949478537896
367,0.3567853,0.04632561281323433,-0.14608722836537885,1.1304791612027665
368,0.346965,0.05207611247897148,-0.15407908598379666,1.1328208234946542
369,0.32947826,0.09342554211616516,-0.2053150102438534,1.1508678472401515
370,0.32564473,0.061204854398965836,-0.20957023822041984,1.1526028098177141
371,0.32443056,0.03413502871990204,-0.24557301322179625,1.1687314389700756
372,0.3308911,0.058901552110910416,-0.23209364991415682,1.1623893128574818
373,0.3365056,0.059328481554985046,-0.16744364944162077,1.1370221401177876
374,0.3396438,0.01572553999722004,-0.0935548656997559,1.1182663436527427
375,0.33894438,-0.01979459449648857,0.005232153653759966,1.1102485515770066
376,0.33546716,-0.04243902862071991,0.10308574748887114,1.121548509255701
377,0.33295268,-0.056369077414274216,0.19170705001794064,1.1483079866818726
378,0.32860515,-0.009700137190520763,0.1369883231607419,1.129930391453451
379,0.32319555,0.017795197665691376,0.1304279203496924,1.1281290586794803
380,0.32182303,-0.004223136696964502,0.15260450111512724,1.134564541160343
381,0.32571003,-0.010295610874891281,0.014451362170710073,1.1104960303772342
382,0.3271819,-0.012241041287779808,-0.18207000669104012,1.1420295225073935
383,0.3308376,-0.06541354209184647,-0.3299843829288368,1.2167106158007923
384,0.35445213,-0.0856550931930542,-0.39310246474838156,1.261898525770558
385,0.34811872,-0.11606726050376892,-0.38558295043008795,1.2560970316728635
386,0.34327593,-0.17285287380218506,-0.23339497174918583,1.1629857455009351
387,0.37587795,-0.12764573097229004,-0.04924333221940765,1.1122560207091152
388,0.41545448,-0.16081571578979492,0.22296000522895515,1.1614913383416894
389,0.4682348,-0.11913184076547623,0.4580169896220481,1.3230167044881542
390,0.46273142,-0.00828801654279232,0.5275716816983848,1.392022976778263
391,0.46059966,0.0009913155809044838,0.5187466606279553,1.3827315979670218
392,0.4637532,0.014672712422907352,0.4301975988812139,1.2981255497175928
393,0.45792058,-0.04362034052610397,0.19136601339394466,1.1481749028106487
394,0.49659,0.11989299207925797,-0.0378489764806995,1.111345247047105
395,0.45872703,0.29326602816581726,-0.09168384618602217,1.1179331554822707
396,0.39041254,0.2754547595977783,-0.1688284675545927,1.1374779001134308
397,0.35615945,0.26684290170669556,-0.1789212581629985,1.1409153977997493
398,0.31145602,0.20019342005252838,-0.07801013515891471,1.1157107169874256
399,0.30336803,0.1521785855293274,0.016357670877079095,1.110568411660787
400,0.31777,0.10341919958591461,0.21777408595399123,1.1591685941488823
401,0.3247737,0.06460794061422348,0.18796175691924655,1.1468591982709817
402,0.3868735,0.04992492124438286,0.07228000423358899,1.1159256583525745
403,0.41071588,-0.004817292094230652,0.05554279584161832,1.1136664179596678
404,0.5023163,0.003925991710275412,0.010974118062699184,1.1103827216404902
405,0.5016724,0.058398663997650146,0.0520989623752168,1.1132710587653811
406,0.45747745,0.18054866790771484,0.06671313484741369,1.1151120412077715
407,0.44072008,-0.004243722651153803,0.1582208366102554,1.1363504552238874
408,0.42787752,-0.19148211181163788,0.26245404759527147,1.1809450909780765
409,0.4512531,-0.06607138365507126,0.2449099546138403,1.171918228655693
410,0.44313452,-0.02929641865193844,0.2737513076037046,1.187083634143858
411,0.46236813,0.029513312503695488,0.16424133308491107,1.1383349461829395
412,0.423473,0.0029768028762191534,0.13652764567463427,1.1298010902122786
413,0.43436027,0.1552874743938446,0.15369789271296863,1.134907278643691
414,0.43849733,0.26958683133125305,0.047588232096469105,1.1127890985051783
415,0.4500778,0.13965649902820587,0.02025678057298362,1.1107390942459872
416,0.48089743,0.058666788041591644,-0.005287379377478585,1.110173809439584
417,0.5113045,0.03290402516722679,-0.047335884968836325,1.1120854588547722
418,0.45880827,0.0560469888150692,-0.0967004740606489,1.1188422889185579
419,0.41534543,0.1000203788280487,0.04769524302009019,1.1128000611089246
420,0.3900854,0.10417774319648743,0.11600586316528838,1.1244717102041073
421,0.37427756,0.0380602702498436,0.04418863002126526,1.1124527514996512
422,0.38406593,-0.019894177094101906,0.01843721201642891,1.1106556592042287
423,0.3586802,-0.03206123411655426,0.05072592487019033,1.1131200449686525
424,0.342623,-0.18414516746997833,0.06076187043298045,1.1143107908647314
425,0.3549578,-0.1418977677822113,0.07497813383442944,1.1163422993301917
426,0.32910594,0.0073055485263466835,0.05881325212587241,1.1140638318864877
427,0.33378622,-0.05497622489929199,0.10969683301619032,1.1230025704962776
428,0.3732051,-0.028417810797691345,0.21490802224072442,1.1579079777630696
429,0.33935624,-0.024919399991631508,0.23614744397214166,1.1676402158148242
430,0.32713187,-0.05729605630040169,0.2201908713561302,1.160244366389847
431,0.3217598,-0.04874220862984657,0.16724567365622725,1.1393523580470497
432,0.32274824,-0.01018527802079916,0.11852769697965193,1.125081221971057
433,0.32559055,0.023569326847791672,0.06696454320897893,1.1151474490548465
434,0.3365257,0.02995140105485916,0.03726908594556931,1.1118395551836684
435,0.33967575,0.028960634022951126,0.011559652342450634,1.1104001085407302
436,0.35247457,0.013014674186706543,-0.012503654077210116,1.1102505236817692
437,0.37969828,-0.016811545938253403,0.026808529703032775,1.1110943668869557
438,0.3900458,0.025043610483407974,0.08682692835090151,1.1183443352703468
439,0.39207128,0.03684031963348389,0.09119575828352891,1.119153368276053
440,0.38408747,-0.03925153985619545,0.06727847743182652,1.1151918403986247
441,0.38564548,-0.06342115998268127,0.014507729039000147,1.110498066314597
442,0.38437158,-0.06994277983903885,0.017553774979373382,1.110617537752895
443,0.3927402,-0.005350703373551369,0.13547969742001842,1.1295085369605917
444,0.3880391,0.04222067445516586,0.0807778505253232,1.1172871676645457
445,0.37480336,0.0264389980584383,-0.09472843301878638,1.118478903676521
446,0.34392607,0.03881759196519852,-0.14808640440979243,1.1310529513680365
447,0.33271372,0.0042466470040380955,-0.14337341301763462,1.1297130502227084
448,0.32016432,0.02703852765262127,0.04618186081517205,1.1126471528892998
449,0.3187209,0.03691353648900986,0.2551510875155338,1.1771127499029437
450,0.32578158,0.05531907454133034,0.2843036043349178,1.1930479528513438
451,0.33374593,0.09812463819980621,0.29198030968761846,1.197405987742832
452,0.3441643,0.20046134293079376,0.38564486281704746,1.2614867579072875
453,0.36288047,0.1862606406211853,0.3183813527543587,1.2136924813607814
454,0.38831347,0.015225391834974289,0.22603919621824375,1.1628959405898507
455,0.44089997,0.15275488793849945,0.24308082033142003,1.1710125308366865
456,0.44877264,0.23206183314323425,0.24716681332797072,1.1730449361987454
457,0.47737095,0.05286781117320061,0.19807245310555166,1.150834668574978
458,0.44914564,0.0019556141924113035,0.070453471039868,1.1156518723836768
459,0.46911,-0.11975915729999542,-0.08805021093225643,1.1173060854200518
460,0.48176777,-0.17003552615642548,-0.23440832606596246,1.1634525400641464
461,0.515636,-0.1350252777338028,-0.240249497812152,1.1661832733510116
462,0.530718,-0.11940686404705048,-0.3138487509170298,1.2064374973552696
463,0.5644988,-0.1055126041173935,-0.29409020575355,1.194566985272963
464,0.5850237,0.0057623060420155525,-0.049821905145858075,1.1123091944136185
465,0.58861965,0.07153843343257904,-0.025596021962506585,1.1106555932830686
466,0.6439749,0.020300304517149925,-0.005021213746343789,1.1101729714740272
467,0.6270925,0.03503584489226341,0.1215339194412551,1.1258244260703163
468,0.63480955,0.043193187564611435,0.18932944941503152,1.1473850097207945
469,0.65078205,0.04924629256129265,0.24204661308989514,1.1705034032906045
470,0.7019446,0.017708290368318558,0.26896843647354673,1.1844536287223986
471,0.69063574,0.044116415083408356,0.3522585159294961,1.2367920534891408
472,0.665002,0.05202632024884224,0.291818634106787,1.1974313385459265
473,0.65869915,-0.0665009543299675,0.16099123817657995,1.13725463778166
474,0.686755,-0.015605387277901173,0.1869287969714981,1.1464645550336545
475,0.6541432,0.16948960721492767,0.24579418767881234,1.1723584568636523
476,0.6405734,0.16775166988372803,0.2747671729354507,1.1876481289597294
477,0.6928501,0.2950250804424286,0.2825459764120712,1.1920390570446084
478,0.6516794,0.45017075538635254,0.2805102089249957,1.1908782288488668
479,0.6838946,0.36424970626831055,0.24079189090038794,1.1698885909095933
480,0.61466664,0.421904593706131,0.20699010033895304,1.1545107266261752
481,0.6109603,0.5945175886154175,0.27617036948269325,1.1884312499350898
482,0.6104115,0.4900626242160797,0.29625730849821313,1.200073398444001
483,0.6340469,0.44435960054397583,0.35114675432568987,1.2360020739633364
484,0.6307836,0.3775359094142914,0.4498120796256892,1.3157354118887779
485,0.6189378,0.5956695675849915,0.3983172299310355,1.2716924016375817
486,0.63091695,0.6163464784622192,0.3622339741047993,1.2439908707832814
487,0.573976,0.5143054723739624,0.4181999158465177,1.2880693217272892
488,0.56666803,0.5005759000778198,0.38401452255013024,1.260400527730938
489,0.5767329,0.15841452777385712,0.38488193847014357,1.2610736917263734
490,0.57287157,0.4299359917640686,0.34175751255625425,1.229428998424721
491,0.5658671,0.6616020798683167,0.39230769939424825,1.2668980868979454
492,0.52612805,0.5142214894294739,0.44325531719595695,1.309832832702002
493,0.49796322,0.5078185200691223,0.4351178374720579,1.302626822112653
494,0.46202293,0.6723599433898926,0.4089647918259161,1.280364226743082
495,0.4106082,0.49181050062179565,0.15909606083584762,1.136634445533892
496,0.40322942,0.2296925187110901,-0.013604728422695778,1.1102713869215728
497,0.38299763,0.20193400979042053,-0.1594923809933763,1.1344795174977114
498,0.4638921,-0.263274610042572,-0.35570813562961856,1.2341650106098323
499,0.5564872,-0.7139663696289062,-0.4271435386124917,1.2895768360174305
500,0.4608393,-0.9929466843605042,-0.39895706775108664,1.2664937991328507
501,0.3174345,-1.2176780700683594,-0.2562741061552778,1.174025128522039
502,0.16168234,-2.2742226123809814,-0.15824960450659192,1.1340935338904747
503,-0.1950116,-2.186856508255005,0.03539840085911379,1.1116902225202696
504,-0.37320298,-1.5491082668304443,0.2906366862210811,1.1967344436017993
505,-0.45714396,-1.804714560508728,0.21664040842841414,1.1585948395654242
506,-0.5239887,-1.0713292360305786,0.14003051445448264,1.13077031574754
507,-0.35283226,-0.13234341144561768,0.012896720632601583,1.110442382200996
508,-0.24823993,0.25527122616767883,-0.3689849889259782,1.2436915885635296
509,-0.13836372,0.4190443754196167,-0.3353846942444144,1.2202651480702444
510,-0.056898966,0.660254955291748,-0.23308245893976115,1.1628422030162016
511,0.014444685,0.6578938364982605,-0.2735822003746379,1.183309505856034
512,-0.008757926,0.7791803479194641,-0.06536979208171606,1.1140944145819514
513,0.009722754,0.41290679574012756,0.08349418623392084,1.1177528354615711
514,-0.011661377,0.28775444626808167,0.17672855548739907,1.1426821253603658
515,-0.048433803,0.5366211533546448,0.16789398086960755,1.1395742735812617
516,-0.039488673,0.552460789680481,0.09673286760059659,1.1202335970241126
517,-0.055541705,0.7297864556312561,-0.2440797750518166,1.1680109627803448
518,0.0077174287,0.7023725509643555,-0.5957160269096378,1.4607957873841115
519,0.0071277083,0.5678567290306091,-0.7075553169388713,1.6057519255416755
520,0.058678567,0.5109715461730957,-0.5454165560041137,1.4037575818852985
521,0.07897842,0.605217456817627,0.01642591093606212,1.1105711374341174
522,0.09061446,0.5742994546890259,0.2580223890024421,1.1786067850693152
523,0.09259408,0.5234963893890381,0.27180171232749856,1.1860060668525314
524,0.077747576,0.6217795610427856,0.3222043237494512,1.216306420443779
525,0.08664131,0.647610068321228,0.2903124115949896,1.1965437346444443
526,0.050414845,0.6589739918708801,0.30302255554158797,1.2041761160182711
527,0.03374292,0.66205233335495,0.2981394899416675,1.2012056380650824
528,0.018722069,0.6149815320968628,0.25245407105248885,1.1757244189676364
529,0.030754028,0.5794563293457031,0.20362482961144268,1.1531047998505084
530,0.03055815,0.5511485934257507,0.19734054662661504,1.1505400225635167
531,0.08165334,0.22265635430812836,0.2031379257043649,1.1529032590942259
532,0.13025977,0.2714292109012604,0.12408588203187321,1.126469511450852
533,0.18662354,-0.6113517880439758,0.08352393981475159,1.1177580178936588
534,0.32372138,-2.2946906089782715,0.12015622834779563,1.1254815870151178
535,0.40571055,-2.9092204570770264,0.09137172981955394,1.1191867549675882
536,0.48657793,-2.643864631652832,0.15584243810281742,1.1355864575365313
537,0.5231468,-1.9660282135009766,0.13270528090237732,1.1287446144528739
538,0.44021648,-1.8853867053985596,0.19060238090324966,1.1478777514912584
539,0.44649363,-2.0585317611694336,0.10621152866178543,1.1222219365537882
540,0.38201407,-2.2758655548095703,-0.2092455374412508,1.1526658801800782
541,0.53075486,-2.142638683319092,-0.39938723239519813,1.2671513676112058
542,0.6844009,-1.3236017227172852,-0.34938887879517194,1.2297545693015755
543,0.7220486,0.14814423024654388,-0.18040468243512744,1.1414378088484032
544,0.71101403,0.8969143629074097,-0.18637117145781015,1.143583451061186
545,0.7091352,0.8459346890449524,-0.3058720279077572,1.2015512721452815
546,0.6342525,1.0053236484527588,-0.5133737370781604,1.3700603926649142
547,0.5883272,0.8491138815879822,-0.7457759272832915,1.661025461423771
548,0.6008961,0.541409969329834,-0.7697540453872064,1.697193327411017
549,0.5762647,0.3416551649570465,-0.41161378652547304,1.2766623404898085
550,0.6038218,0.33479514718055725,-0.30584473796149075,1.2015347738320044
551,0.58728814,0.4085422456264496,-0.3889862131954672,1.2587087256603595
552,0.607283,0.7193480134010315,-0.29252912143298787,1.1936624008821786
553,0.60645854,0.9889756441116333,-0.1763128332685711,1.1400074734754013
554,0.6334961,0.8427499532699585,-0.11918980192307177,1.1235364856252177
555,0.65967506,0.6830567717552185,-0.02560467844114342,1.110655974517793
556,0.7198161,0.6900094151496887,0.04429088240340409,1.1124625308990173
557,0.7711037,0.6657361388206482,0.1464615894715974,1.132683419456907
558,0.8049622,0.650182843208313,0.3517797058158204,1.2364515244407353
559,0.8068433,0.5761566758155823,0.4247636839196396,1.2936493378848726
560,0.8239361,0.43785035610198975,0.5070828740846278,1.3709476225733224
561,0.79157513,0.3386317789554596,0.6001645209288679,1.4743623341475802
562,0.70669985,-0.6092755198478699,0.6152291167492498,1.4927700686722623
563,0.39464203,-1.6814521551132202,0.5978713870391223,1.4716001110353016
564,0.13935702,-2.0697107315063477,0.6232398155741963,1.502743352930381
565,-0.040636852,-2.027886152267456,0.6296699100144623,1.5108416474536623
566,-0.29074562,-2.221055746078491,0.6437129417340305,1.5288154565007477
567,-0.2487567,-2.827030897140503,0.6612641533165867,1.5518339353663901
568,-0.23116374,-1.746934175491333,0.4426871328578956,1.309108987440842
569,-0.19769694,-0.6975618004798889,0.1894312912909636,1.1473684040627585
570,-0.14346005,-0.23167212307453156,0.06682306672910843,1.1151492971940429
571,0.025978614,0.3197321593761444,-0.00371488908835238,1.1102374022350152
572,0.13635284,0.4287809431552887,-0.1442302249987103,1.1301088720657306
573,0.31882995,0.5893927812576294,-0.3763411580708019,1.2494242860072182
574,0.47937208,0.5199318528175354,-0.19192142242095622,1.145643328393759
575,0.6324381,0.5441387891769409,0.004900072959503593,1.1102428090604313
576,0.7750803,0.6325578093528748,0.08427498301013576,1.117889419832706
577,0.8621943,0.7612239718437195,0.1457343467557692,1.1324657148095651
578,0.9509427,1.0518572330474854,-0.12601386921729255,1.125160909560894
579,0.96084845,1.3229246139526367,-0.2848590848186268,1.1892887320165686
580,0.94702303,1.5311945676803589,-0.5038687593083042,1.3604595839092917
581,0.9508281,1.6511422395706177,-0.9555010588959849,2.0163243049269766
582,0.9038199,1.4149428606033325,-1.088930941207189,2.2881572271705464
583,0.9084092,1.0139188766479492,-0.765156252900629,1.6901690499798134
584,0.90601975,0.9653404951095581,-0.3938284106249969,1.2624645969993578
585,0.9116933,1.0069857835769653,-0.22562504957619534,1.1594748306876996
586,0.91317904,0.6284530758857727,-0.014079711220721547,1.1102811355315119
587,0.8755071,-0.014142257161438465,0.3903566744885192,1.2653571192743378
588,0.8042857,-0.6120332479476929,0.59286786611905,1.4659211349409256
589,0.64618653,-0.9082013964653015,0.5947200927265685,1.468134079468255
590,0.32369983,-1.7906532287597656,0.6378901164428803,1.5216550020550885
591,0.02068572,-1.9959969520568848,0.6641586793814954,1.5560460437730554
592,-0.39060286,-1.4010765552520752,0.6069031501367053,1.4825402959576874
593,-0.6440697,-1.701961874961853,0.44169404163768466,1.308224234750699
594,-0.7896785,-1.1828584671020508,0.35417579249620285,1.2379999036057152
595,-0.8197063,-0.36618420481681824,0.3664793734622044,1.2469468433559603
596,-0.8330344,-0.12556765973567963,-0.0488942616462919,1.1123193829051459
597,-0.82751024,0.5069329142570496,-0.29953870357927737,1.1977623581775028
598,-0.79432994,0.6677948832511902,-0.23381838454358964,1.1631805378481002
599,-0.76596886,0.514606773853302,-0.3213481916853943,1.2111474209041566
600,-0.7340545,0.6475933194160461,-0.24472953857308485,1.1683239207348892
601,-0.7260512,0.7099153399467468,-0.05468087237293354,1.1128809649856866
602,-0.7040187,0.6537390351295471,0.020814675560175216,1.1108169472408391
603,-0.6773378,0.6291948556900024,0.1943867532708432,1.1493027421142878
604,-0.6275214,0.6197386980056763,0.2346412295023666,1.1668357637656785
605,-0.5528534,0.699910581111908,0.171364878359693,1.1407321992040265
606,-0.5067069,0.9282369613647461,0.1603850400656665,1.1370179777189713
607,-0.43530905,0.8820723295211792,0.12989803966858582,1.1279873228741133
608,-0.37316197,0.7828086018562317,0.0972184764869643,1.1203312586290444
609,-0.3123076,0.8599517941474915,-0.031472299483313426,1.1109488666263267
610,-0.27757937,0.7900621891021729,-0.287473016987534,1.1907660527519097
611,-0.24228229,0.6028172969818115,-0.45253360596963826,1.3117300972932886
612,-0.2107083,0.6694722175598145,-0.49597643152060034,1.3526249894164004
613,-0.18833575,0.48323699831962585,-0.7066673194679666,1.6045024577517777
614,-0.14346422,0.34892842173576355,-0.7300753335685285,1.6379661414651645
615,-0.12025048,0.5446320176124573,-0.6051103733758526,1.472009500229188
616,-0.07241715,0.752383828163147,-0.6000400927448942,1.4659353539294386
617,-0.010862581,0.8914886116981506,-0.33788973193176974,1.2219337890428013
618,0.032905918,0.6067702174186707,-0.0929625834039815,1.118160113592868
619,0.12894489,0.21738429367542267,-0.06569186263480288,1.1140287592296148
620,0.18614149,-0.13596045970916748,0.06799163123625314,1.1152934151914415
621,0.13681199,-0.6119999885559082,0.20860836801706356,1.1551948634880094
622,0.06291845,-1.9282559156417847,0.31932203612865906,1.2144367188939953
623,-0.030403228,-3.1327548027038574,0.39467401832227467,1.268777280202629
624,-0.16912363,-1.5973966121673584,0.3567694510249816,1.2398607805751483
625,-0.025320103,-1.256874918937683,0.36617128474906635,1.2467191111853022
626,0.0148496395,-1.837403655052185,0.3072386414250336,1.206648654329737
627,0.23474097,-1.350359320640564,0.12420047562352815,1.1264842125625316
628,0.3688749,-1.6944608688354492,-0.28123997557582464,1.1872658716080833
629,0.51549226,-1.6575754880905151,-0.6659775768576827,1.5489412412747638
630,0.65407515,-1.8588944673538208,-0.34802555948182223,1.228813532513318
631,0.6355563,-1.2354410886764526,-0.2756406964431378,1.184187833839551
632,0.6029785,-0.21114329993724823,-0.45284086941912005,1.3120060856770337
633,0.615082,0.27439239621162415,-0.31813863482407645,1.2091179329849473
634,0.6192789,1.0309937000274658,-0.4752351679337967,1.3326293474488924
635,0.70084643,1.5225590467453003,-0.5130822480861655,1.3697632791951482
636,0.6463205,1.5890966653823853,-0.5902605096792858,1.4543647351322988
637,0.56897616,1.4909683465957642,-0.3834398063777859,1.254464250694936
638,0.45766497,1.2648926973342896,0.0779618798184191,1.1168199980190452
639,0.43177077,1.1682608127593994,0.3571632543923055,1.2401444998761462
640,0.3480826,1.2516906261444092,0.836579093539093,1.8155724453652273
641,0.27227262,1.4524084329605103,1.118497674569746,2.3685848838089028
642,0.2018896,1.2744883298873901,1.1300551957862177,2.3946480126471914
643,0.124620266,0.9160671234130859,1.062455247812531,2.2459932228210286
644,0.15177865,0.8413406610488892,0.8435931424712335,1.827873488246092
645,0.1637995,0.7523027062416077,0.7340779038498669,1.654310304409936
646,0.08597241,0.9381062984466553,0.6172657910457146,1.4956205816928727
647,0.06745075,0.7395868301391602,0.5704342416176286,1.4396634206351693
648,0.049938343,0.27139556407928467,0.3680712336310513,1.2482956483845928
649,0.04330625,0.42400601506233215,0.051719500987152583,1.113228946607125
650,0.050494723,0.9753137230873108,-0.07933071880669049,1.1159090429619312
651,0.078106,1.2829680442810059,-0.22687503994778285,1.16003150112791
652,0.07697448,0.8696714639663696,-0.32027344109126066,1.2104655332173486
653,0.16678353,0.21281886100769043,-0.4033060308595916,1.2699516718409325
654,0.18737096,-0.05895409360527992,-0.4541900242804382,1.313220150453605
655,0.18053186,-0.020447058603167534,-0.3019583868082678,1.199200464924581
656,0.15004213,-0.7951815724372864,-0.13204781430819387,1.1266748346899387
657,0.17324474,-1.448264718055725,0.018567374156312155,1.1106614078012347
658,0.06728403,-1.369773268699646,0.0381296524877173,1.1119106027359404
659,0.0031774854,-2.2528042793273926,-0.04646970636907988,1.1120104085637295
660,-0.17004956,-2.199190378189087,-0.04623905172363061,1.1119906764160792
661,-0.08802077,-1.2768415212631226,0.030116506336532244,1.111306359704358
662,0.048715144,-1.3405784368515015,-0.08321558914411631,1.1165126974277848
663,0.20863353,-1.5245475769042969,-0.16782212985611722,1.1371463216129325
664,0.4002301,-1.5624001026153564,-0.15056604834556786,1.131775748099527
665,0.61268014,-1.3570756912231445,-0.3990925896159425,1.2666009819325037
666,0.8322554,-0.9984086155891418,-0.3437972462442998,1.2262005664109648
667,0.90761596,-0.5095015168190002,-0.06926778133123612,1.1145937897740628
668,0.92086625,-0.16809019446372986,-0.14738718600753803,1.1308513574146732
669,0.9177919,0.11505436152219772,-0.2828497052349832,1.1881623773391257
670,0.8560276,0.5927973985671997,-0.35176826573016656,1.231405856309655
671,0.65730155,0.89858478307724,-0.2868110517773797,1.1903906365517851
672,0.49221677,0.7405111789703369,-0.23479319973824717,1.1636303675647655
673,0.40857023,0.4460340738296509,-0.2234090004947642,1.1584956167853104
674,0.18209751,0.3107622563838959,-0.24513790146780048,1.1685210404170283
675,0.009111501,0.4854312241077423,-0.1235156060390743,1.1245554075923627
676,-0.122720495,0.7734642624855042,0.152582815031648,1.1345577675637124
677,-0.25704336,0.7888962626457214,0.36800062922646914,1.248243172919772
678,-0.37527636,0.7728521227836609,0.4237076891749752,1.2927457953272994
679,-0.4837703,0.8383491039276123,0.41576466308730287,1.2860209700279173
680,-0.5769659,1.166247844696045,0.2806009305399407,1.1909297833522192
681,-0.63150954,1.142505168914795,0.17095327356485954,1.140632811986532
682,-0.6772851,0.7414105534553528,0.26944569873597424,1.1847140108150211
683,-0.7010892,0.6398392915725708,0.2618636797713914,1.1806313234474737
684,-0.7355552,0.5549254417419434,0.1808478157827567,1.1441845706775213
685,-0.76941615,0.8645527362823486,0.19562593544298656,1.1498539606960683
686,-0.79311234,0.8362036943435669,0.26956310693820024,1.1847781355486546
687,-0.77830154,0.26861411333084106,0.23579333042960607,1.167470559633648
688,-0.8193875,0.2770310640335083,0.11480041484983809,1.1241848537850392
689,-0.84689635,0.48545336723327637,0.0989315479446769,1.1206795437549182
690,-0.8736341,0.46559464931488037,0.11604942465266632,1.1244821307912225
691,-0.88934404,0.4018712639808655,0.20761414409654094,1.1547064950019712
692,-0.904003,0.578359067440033,0.13979316544613876,1.1307268034084266
693,-0.8265937,0.418960303068161,-0.03345726680945339,1.1110635367184314
694,-0.7618432,-0.6811876893043518,-0.021840913384056748,1.1105043501705416
695,-0.5833101,-1.5700160264968872,0.011228839396608403,1.110390201090387
696,-0.29016355,-2.738077163696289,-0.003236378895281708,1.1101710130004145
697,0.06793627,-2.100280284881592,-0.0337368600433534,1.1110803217682612
698,-0.08277859,-1.1950076818466187,-0.0995259949301696,1.119376499304917
699,-0.04984802,-1.9821178913116455,-0.2051755726337906,1.15081160783042
700,-0.101963595,-1.7766761779785156,-0.48487906349298093,1.3418195355685523
701,-0.1980373,-1.8498278856277466,-0.7217630743612025,1.6259576026192843
702,-0.27499613,-2.0267820358276367,-0.9664256258743998,2.0372422984686898
703,-0.3555405,-2.105522632598877,-0.7099020413297467,1.609061504030212
704,-0.44490227,-1.6360130310058594,-0.48834055148022815,1.3451635382579887
705,-0.517531,-0.4413585960865021,-0.5906833781917668,1.4548610912491065
706,-0.5731727,-0.04572731629014015,-0.42496316267983014,1.2877345352349772
707,-0.63311404,0.0297579113394022,-0.32365251670827,1.2126172125016352
708,-0.6777914,0.24648098647594452,-0.2958865914654249,1.1958655886357403
709,-0.70731604,0.29940900206565857,-0.2904659211716263,1.1927225435424844
710,-0.7099284,0.423820823431015,-0.18830971664732649,1.1444793743796347
711,-0.6869449,0.3732195496559143,0.06838433739837577,1.1153705823395268
712,-0.66895115,0.16424067318439484,0.08100594287299706,1.1173385037053298
713,-0.61078244,0.3528856337070465,0.024363879447842574,1.1109517637974742
714,-0.5664555,0.6486034989356995,0.05575599705624415,1.1136916735836546
715,-0.45518798,0.7701163291931152,0.016247221125529232,1.1105640196044342
716,-0.37627867,0.8073747158050537,0.014087982776825395,1.1104830578593388
717,-0.2487199,0.8878118991851807,-0.03829507195914636,1.111376020382237
718,-0.10519699,0.6509950160980225,-0.2735425802260077,1.1830506066568809
719,0.093376905,0.41771796345710754,-0.5055993670851275,1.362194185616264
720,0.30683133,0.5655879378318787,-0.6970644017715644,1.591091297403913
721,0.53254485,0.5748382210731506,-0.7940509676524322,1.735015002827667
722,0.7287286,0.7018504738807678,-0.7195183549584856,1.6227384031102199
723,0.9577269,0.7061530351638794,-0.434064308399779,1.2954875024290917
724,1.0111524,0.8184903860092163,-0.36783686851446973,1.242853849244003
725,1.0055407,0.7575955390930176,-0.21118848632867565,1.1532721146744527
726,0.91388756,0.18409129977226257,0.2415685925448005,1.1702688025125245
727,0.8105281,-0.5196554064750671,0.5363247268035418,1.4016681746076927
728,0.5738975,-1.0635892152786255,0.6669347104498696,1.559761077612891
729,0.25851595,-1.195956826210022,0.5959992590347951,1.4696663667690828
730,0.11042948,-0.9045413732528687,0.7013230811914639,1.6070594651144756
731,-0.03895591,-2.0796258449554443,0.7702512400013208,1.7085619428881629
732,-0.03848705,-3.122093915939331,0.5973655064482739,1.4709921622085076
733,0.024688732,-2.997368097305298,0.44210916667929345,1.3085938329499547
734,0.06708885,-1.5395026206970215,0.26377692973380273,1.181547682941577
735,0.21983612,0.1857491284608841,0.18405357423339433,1.1453248099156408
736,0.2699839,0.4086579382419586,0.2150192869857468,1.1578844863639666
737,0.28189293,0.9412844777107239,-0.2198354529810707,1.1571406954720522
738,0.3016503,1.0833098888397217,-0.5403542519750428,1.3987038883076772
739,0.20693104,1.4460580348968506,-0.48112355577762433,1.338587621742023
740,0.19023411,1.7510086297988892,-0.11315088711101018,1.1223124799630693
741,0.1542827,1.4187508821487427,0.35493036299257663,1.2385398989702132
742,0.13877842,1.3572510480880737,0.3897941885172761,1.2647313880863855
743,0.116748996,1.2299610376358032,0.5115421119305905,1.3752618111160098
744,0.13787751,1.1699506044387817,0.47016407049082587,1.3343706740397867
745,0.12428338,1.282439947128296,0.4636723894947799,1.3282661370255706
746,0.28949538,0.8515774607658386,0.5024099220507463,1.3659426064504585
747,0.17000094,0.5517339110374451,0.31018713416913657,1.2086208056380452
748,0.13848113,0.6055170297622681,0.3076617968169444,1.2070424464638343
749,0.14821185,0.6242705583572388,0.1825036651764428,1.1447980823970063
750,0.1799727,0.7607251405715942,-0.031352553030250696,1.110942200994443
751,0.21728344,0.875907301902771,-0.2534782084312157,1.1726199326719617
752,0.24319503,0.8024975657463074,-0.543171219668672,1.4013294134957959
753,0.26857316,0.5099546313285828,-0.5346269288019738,1.3921815723655773
754,0.27530873,0.3001178503036499,-0.4417098384728685,1.30212851566356
755,0.27629024,0.2103140503168106,-0.3391972727710313,1.2228097455593288
756,0.27807468,-0.3659313917160034,-0.053042720069306715,1.1126174403098885
757,0.2916542,-1.1118512153625488,0.09433796587057278,1.1197588529227975
758,0.27364585,-1.8765066862106323,0.19291933183821064,1.1487829425622254
759,0.24296163,-2.263521432876587,0.15625370225168853,1.135717756267634
760,-0.0059795016,-1.8806792497634888,0.09714042629597905,1.1203155300162317
761,-0.26623714,-1.69622802734375,0.11990498467369921,1.125419474172106
762,-0.48465315,-1.8382424116134644,-0.015210554457381044,1.1103061610455836
763,-0.6999549,-1.760039210319519,-0.16784357201950345,1.1371533654792823
764,-0.8235284,-1.3581629991531372,-0.32643847653537994,1.2144083915650605
765,-0.9528306,-1.2130579948425293,-0.3875244452302565,1.2575841139626562
766,-1.0240184,-0.6378248333930969,-0.38894835966601715,1.2586795491339882
767,-1.1118766,0.44983935356140137,-0.4137337819213457,1.2783968937169874
768,-1.1465044,0.7395590543746948,-0.38135685699991795,1.2528861325178178
769,-1.1543049,0.7664287686347961,-0.3707511127583447,1.2449854081334948
770,-1.098129,0.7317071557044983,-0.33517927956117166,1.2201288752161705
771,-1.0666022,0.3975743353366852,-0.36518865886716145,1.240931605964805
772,-1.0318354,0.29214972257614136,-0.26179453782544576,1.1768455630859307
773,-0.9960848,0.4242299199104309,0.0056239232670305395,1.110255609848777
774,-0.93943655,0.3510560095310211,0.10604415558519041,1.122188383964408
775,-0.8948234,0.4064766466617584,0.14937758013647756,1.1335364367874476
776,-0.8372955,0.35870233178138733,0.18946550845164473,1.1473815921572015
777,-0.77274156,0.0235222727060318,0.10707630443939165,1.122412026752211
778,-0.7022492,0.09774749726057053,0.0914125475168294,1.119200714527315
779,-0.61680365,0.2941862642765045,0.2022394057579045,1.1524685606402096
780,-0.5188674,0.2495676726102829,0.241458927560895,1.1701261672790444
781,-0.48895067,-0.017621297389268875,0.2626440733439023,1.1809439298424955
782,-0.3322372,-0.04552840441465378,0.13992074945940294,1.1307388705060761
783,-0.30241847,0.02928808331489563,-0.03592260015881685,1.1112169286745464
784,-0.26134992,-0.042604781687259674,-0.4453418081563338,1.3053242543337518
785,-0.24495792,-0.00840413011610508,-0.656382788709548,1.5363221753406222
786,-0.23249461,-0.09239362180233002,-0.47290095041922237,1.330432905229296
787,-0.18100348,0.003476952202618122,-0.5268667752554825,1.3839997833154
788,-0.19187963,0.1279786378145218,-0.45993336888454694,1.3184291520005216
789,-0.17698936,0.09394648671150208,-0.3641121936198616,1.2401542467639473
790,-0.17905095,0.13067561388015747,-0.2942151920375028,1.1946396204382956
791,-0.18220654,0.21228031814098358,-0.1895714263915334,1.144763648406871
792,-0.18157722,0.31452178955078125,-0.3455356294037314,1.2271044423119417
793,-0.18645613,0.2714051306247711,-0.4886651566829039,1.3454783551209897
794,-0.18687499,0.1691235899925232,-0.3397042100107113,1.223150276176747
795,-0.13744546,0.17148764431476593,-0.2751685929901063,1.1839311752777184
796,-0.16177471,0.09574266523122787,-0.15941328224499837,1.1344548588302217
797,-0.13276659,-0.012739818543195724,0.00448169230389571,1.1102358881773826
798,-0.12410832,0.018184909597039223,0.052553977431749596,1.1133219354762087
799,-0.108476914,0.01616075076162815,0.130997525623267,1.1282820465407941
800,-0.10171701,0.030241433531045914,0.19147002147167957,1.1482154655804924
801,-0.09313585,0.050290971994400024,0.25750673532017865,1.178238209958142
802,-0.10175938,0.0010078817140311003,0.20338616064251003,1.1529411981517006
803,-0.07147526,0.13487179577350616,0.06694491405960301,1.1151446799753708
804,-0.1355999,0.23366594314575195,-0.006187351044463347,1.1101776922984021
805,-0.14813057,0.12532302737236023,-0.05452043843266442,1.112765807447252
806,-0.16629243,0.06353021413087845,-0.1204484520551857,1.123829094023866
807,-0.17119427,0.02300696261227131,-0.1578391633592524,1.1339667369385604
808,-0.18082775,-0.025854695588350296,-0.1845561895842689,1.1429232204519506
809,-0.1719097,-0.03343185409903526,-0.0971507477160922,1.1189263509191818
810,-0.1624471,0.17575980722904205,-0.07603102169106277,1.1154200231193645
811,-0.16304167,0.18777626752853394,-0.09963852555793987,1.1193981056595925
812,-0.15391386,0.06462446600198746,-0.09920775937193198,1.1193155338219785
813,-0.13293886,0.009948723949491978,-0.10494336225244065,1.1204453949056372
814,-0.12186474,0.0016296855174005032,-0.11136668165601935,1.1217888304688235
815,-0.11508678,0.11527685075998306,-0.11997273512777942,1.1237181278746726
816,-0.09400967,0.1310611218214035,0.00864372406078612,1.1103203180023358
817,-0.06337199,0.1658172309398651,0.00930073048576786,1.110336811991985
818,0.012548411,0.17576946318149567,-0.018184654218159364,1.1103841862603112
819,0.11587379,0.06626592576503754,0.008581860386048114,1.1103188094014778
820,0.25025082,-0.05320364609360695,0.011142393420970259,1.1103876482076138
821,0.25880978,-0.10590226203203201,0.11623442351528024,1.1245264276875928
822,0.21466687,-0.18778468668460846,0.1750104387105783,1.142065494449748
823,0.18888102,-0.1521414965391159,0.17984379129240852,1.1438152383469447
824,0.1715388,-0.017485864460468292,0.16951862669763906,1.1401340825294044
825,0.25105104,0.01001367624849081,0.21627913375639968,1.1585090010174846
826,0.26373038,0.15749678015708923,0.23101438712593214,1.1652054933164309
827,0.25098363,0.1606622040271759,0.1235753137262864,1.1263394076679498
828,0.24373333,0.1360572874546051,0.005285658946700883,1.110249497449976
829,0.2259695,0.12419825792312622,-0.03385125992440407,1.111087234702874
830,0.22819431,-0.015210296958684921,0.021264691211458155,1.1107881611287476
831,0.23903641,-0.0022583366371691227,0.05477614557355584,1.1135763524623605
832,0.2464423,-0.029691608622670174,0.13001451095093597,1.1280184291923239
833,0.21066803,0.09641417115926743,0.1365477415906977,1.1298067218052688
834,0.18063466,0.19866113364696503,0.07347951244073835,1.1161090869361356
835,0.15293239,0.10643124580383301,0.050489050571194634,1.1130943736495902
836,0.13405786,0.08342772722244263,0.01358766910335327,1.110465628952771
837,0.11702962,-0.05184400454163551,-0.007283314967421982,1.1101846082241942
838,0.08285571,0.026276035234332085,-0.04189562131144372,1.111638969892137
839,0.0674306,0.1386658251285553,-0.0013222235089479922,1.110175993067325
840,0.058475047,-0.023688293993473053,0.034056197300248316,1.111587389721871
841,0.051834617,-0.0272073931992054,-0.033182297468016986,1.1110471817462353
842,0.07422801,0.023305460810661316,-0.0508562058416734,1.1124059199433294
843,0.07831993,-0.001749871764332056,-0.07366377246891029,1.1150826084655605
844,0.096548475,-0.010537471622228622,-0.04655165174696756,1.1120174444800068
845,0.10852139,-0.09600672125816345,0.021259111417348597,1.1107878839016452
846,0.07529909,-0.03823450952768326,0.008655740185766798,1.1103206119140043
847,0.13267213,0.0310027077794075,0.017439785551261924,1.1106127326576398
848,0.13576591,-0.012406845577061176,-0.0351044847794527,1.1111646782813036
849,0.108192846,-0.05147650092840195,-0.13081052563669737,1.126358462410481
850,0.08116087,-0.05252932757139206,-0.19791308789536508,1.1479361842055753
851,0.08854315,0.07251804322004318,-0.40152381266915854,1.2685300506830184
852,0.10262558,-0.018949147313833237,-0.41846829796143475,1.2823030672243334
853,0.09591291,-0.04126876965165138,-0.25270168652952735,1.172232433032557
854,0.08917802,0.022897794842720032,-0.17934468346341928,1.1410640648085602
855,0.080312066,0.0004717971314676106,-0.11029387400842328,1.1215587129616704
856,0.07161352,0.021950026974081993,-0.015941083031807336,1.1103236873980276
857,0.06516897,0.02285226248204708,0.10702414709100952,1.122404206131252
858,0.05582513,0.005854791030287743,0.15737388789342935,1.1360770982640862
859,0.060035136,-0.009966842830181122,0.38926880980011963,1.2643186560303366
860,0.06471469,-0.021379414945840836,0.7175546749337272,1.6298157522146983
861,0.066283114,0.00957295298576355,0.523401364955237,1.387612868290603
862,0.054029573,0.026096338406205177,0.14322685322508763,1.131723192046456
863,0.06485223,0.034454163163900375,0.005665113835465436,1.110256369787749
864,0.054943673,0.05698796361684799,-0.031714208094969776,1.1109624198467194
865,0.054573447,-0.10847912728786469,-0.007344980113181027,1.1101850687387664
866,0.056058515,0.06567466259002686,-0.09676886832575846,1.118855031388115
867,0.051349785,0.16258274018764496,-0.1819311129508297,1.1419799595522693
868,0.0525327,-0.06785222887992859,-0.24416911095197524,1.168053941261604
869,0.04507888,-0.07116273045539856,-0.21199512913154228,1.1536076968820277
870,0.04418076,-0.0817505419254303,-0.12221318118136391,1.1242446900734877
871,0.03691101,-0.0894574224948883,-0.08132561194542344,1.1162152511264902
872,0.03198834,0.03297987952828407,-0.36507315268035284,1.240848083267342
873,0.014223105,0.05511990562081337,-0.6312640141399507,1.5041579237125553
874,0.010188141,-0.03700755909085274,-0.4900421657115519,1.3468161841329116
875,0.061184704,0.04002648964524269,-0.42389385180057937,1.286834499788664
876,0.07981959,0.07231908291578293,-0.39103872724811634,1.26029504118125
877,0.09277468,-0.02870236523449421,-0.3702085118253435,1.2445872479391513
878,0.08079203,-0.027981143444776535,-0.21908450725033002,1.156613021299712
879,0.077780224,-0.02236318215727806,0.031496950085033414,1.1114012980161667
880,0.0760833,0.0013878248864784837,0.320907905387474,1.2153241691209171
881,0.06181402,-0.07442353665828705,0.4847895594863455,1.3484327925814805
882,0.0587133,-0.08486207574605942,0.41989056171912553,1.2892963895332759
883,0.05138104,-0.00831570103764534,0.3498123401982182,1.2348996064569926
884,0.03690129,-0.18056121468544006,0.25662961241821375,1.1777815245613517
885,0.058095794,0.004288021940737963,0.1524499965947337,1.134516302561678
886,0.056739926,0.17005349695682526,0.05082263149289754,1.113130557835689
887,0.06303722,0.003974363673478365,-0.01974395344239393,1.1104321632476253
888,0.055474352,0.027584413066506386,-0.04329564982548887,1.1117482154668743
889,0.07570058,0.060161661356687546,0.0386223920848386,1.1119519496742591
890,0.07355841,-0.0014722138876095414,0.09795469654041238,1.120480220594542
891,0.07152877,-0.03472788631916046,0.16861795584460973,1.139823083685331
892,0.05306129,-0.025391865521669388,0.23003129843892567,1.1647452053019283
893,0.06909974,0.006882875692099333,0.16121335221848637,1.1373277943502875
894,0.037746623,0.07693532109260559,0.13657474156171862,1.1298142894324814
895,0.015003148,0.0625588670372963,0.16777731824855519,1.1395342779475097
896,-0.0011137889,0.046494051814079285,0.14896991121759626,1.1334424170683541
897,-0.0034254368,0.1500384509563446,0.10122817867024378,1.1211556813141976
898,-0.024051059,0.1577496975660324,0.08615902669306619,1.1182240152832594
899,-0.05427474,0.08141466230154037,0.09691983008095201,1.12027114152156
900,-0.07524767,0.14761771261692047,0.10385275856620457,1.121712725416976
901,-0.11762765,0.08754239976406097,0.13448462358784397,1.1292327774949869
902,-0.15485644,0.1857784390449524,0.15551459104225607,1.1354820325641308
903,-0.18895811,0.48587748408317566,0.21152362551928094,1.156440530572856
904,-0.23928785,0.3166412115097046,0.24943303628814267,1.1740926370003526
905,-0.26311976,0.025684718042612076,0.22474751794578987,1.1622261316955584
906,-0.26862866,-0.1556772142648697,0.22299668020225433,1.16143077723413
907,-0.30035895,-0.15490347146987915,0.18642705007271848,1.1462196274568253
908,-0.29003227,0.13084425032138824,0.1403692656783362,1.1308923301045897
909,-0.28596255,0.030730627477169037,0.11292391505691837,1.1237440928124796
910,-0.2689343,-0.09950797259807587,-0.10851816302898534,1.1211828806608677
911,-0.25729826,-0.02040548250079155,-0.30214020045339274,1.1993089964492256
912,-0.2486171,-0.11645819246768951,-0.4051371895315475,1.2714189479964353
913,-0.23397759,-0.10789460688829422,-0.43358179090118387,1.295072302977025
914,-0.22715656,-0.03462150692939758,-0.34543703886207755,1.2270370248808573
915,-0.22140801,-0.022795692086219788,-0.3087518274285524,1.203300645380613
916,-0.22372939,-0.020786678418517113,-0.22623966424340664,1.15974815253869
917,-0.21102504,-0.2859446108341217,-0.18108436134572836,1.1416786386181974
918,-0.2021077,-0.31632909178733826,-0.16111049752573858,1.1349867041045942
919,-0.1972656,0.001541256788186729,-0.08826928203416502,1.1173431433093144
920,-0.18744178,-0.004745393060147762,-0.013971845717255564,1.1102788820863214
921,-0.19084118,-0.032075025141239166,0.035635464191740934,1.1117087594912938
922,-0.18961382,0.06011328846216202,0.09413006767149401,1.119718182143105
923,-0.23183057,0.0002976778196170926,0.06795543498848858,1.1152882352415023
924,-0.2682932,0.13017819821834564,0.059184010968875295,1.1141102351623782
925,-0.30326727,0.27536773681640625,0.13563816525790576,1.1295526351004759
926,-0.34612235,0.27123522758483887,0.1033462851707122,1.1216041581087406
927,-0.38440555,0.2312093824148178,0.04855151774828814,1.1128886059677916
928,-0.3936445,0.36292755603790283,0.01343594802680051,1.1104604425309974
929,-0.41452992,0.5194894671440125,-0.07813766128924673,1.1157297167854194
930,-0.4021479,0.42827531695365906,0.09752946146057823,1.120394049059279
931,-0.38651857,0.41672056913375854,0.20377442650907834,1.153101818766406
932,-0.40410042,0.4760468900203705,0.1468969771440911,1.1327853073274188
933,-0.4140423,0.520272970199585,0.08474475035666876,1.1179721834627925
934,-0.42327985,0.5337885618209839,0.03649603587103109,1.1117769957748718
935,-0.43529934,0.6362895965576172,0.012255609739548352,1.1104216662171784
936,-0.440015,0.48769453167915344,-0.060856799344140476,1.113451508977237
937,-0.45378557,0.1713620275259018,0.025944888999312774,1.111042622954707
938,-0.45197332,0.13638727366924286,0.0847103106727454,1.1179661008853405
939,-0.4926675,0.21886000037193298,0.09743042151797912,1.1203740310872632
940,-0.52104735,0.37778782844543457,0.1267514002898478,1.1271572087357653
941,-0.56884426,0.2614169120788574,0.11460506835435597,1.1241386414869672
942,-0.563542,0.10615075379610062,0.03029826992512924,1.1113186423939956
943,-0.565133,0.15139377117156982,-0.09296987467827972,1.118161417069658
944,-0.5783548,0.13044632971286774,-0.18736027752687584,1.1439460288024441
945,-0.57638735,0.12555962800979614,-0.23477284885228328,1.16362095719825
946,-0.6027549,0.05326675996184349,-0.1535908578413697,1.132674106232897
947,-0.5787945,-0.009634018875658512,-0.09559503745528097,1.1186376336865695
948,-0.58354384,-0.019000155851244926,-0.14079594170962942,1.128999067350194
949,-0.58005273,0.001416726503521204,-0.14200537609885672,1.1293324370677187
950,-0.5843496,0.026612000539898872,-0.08381920461806504,1.11660920014187
951,-0.6265271,0.06108620762825012,-0.08293187750653706,1.116467590920373
952,-0.61584026,0.09104081243276596,-0.13337646205970152,1.1270179765321036
953,-0.6133087,0.07367999106645584,-0.12106693177813746,1.1239740378868437
954,-0.5882991,0.2085539847612381,-0.1269844061846658,1.1253995043971894
955,-0.5890503,0.13647609949111938,-0.1461448808480492,1.1304955962999022
956,-0.57940817,0.0931229367852211,-0.14658974441210845,1.1306226379089166
957,-0.5864004,0.21156583726406097,-0.17564979662711477,1.139778856901278
958,-0.59288114,0.18907900154590607,-0.1937292998320346,1.146327592665762
959,-0.6119196,0.17686529457569122,-0.18750330269898197,1.1439986196263778
960,-0.62333643,0.19422611594200134,-0.11543435078212926,1.1226822562664294
961,-0.6363655,0.24788042902946472,-0.13442669565997967,1.127291712411577
962,-0.62248623,-0.4809134006500244,-0.13390182269376721,1.1271546322778156
963,-0.53966004,-0.8189989328384399,-0.07965900164521486,1.115958885952743
964,-0.57510364,-1.3063678741455078,-0.07223315126258115,1.1148841289196036
965,-0.37752342,-1.8781989812850952,-0.0580332628096078,1.1131360359316325
966,-0.30477664,-2.0954253673553467,-0.05421402020781772,1.112734683276023
967,-0.3047704,-2.054419994354248,-0.05807483272690041,1.1131405648821902
968,-0.26254532,-1.4344911575317383,-0.2417871536394137,1.1669134697292503
969,-0.22973146,-1.2471493482589722,-0.28663515646438503,1.190291029515946
970,-0.18971871,-0.93940669298172,-0.44370048994498157,1.3038768053615322
971,-0.16992106,-0.5262999534606934,-0.6054742677233302,1.472447419541975
972,-0.13009167,-0.13217760622501373,-0.6860972591381564,1.5760004942920802
973,-0.15796271,-0.0725582167506218,-0.7307583649682967,1.6389590460365755
974,-0.13306667,-0.06701494753360748,-0.5497479466802931,1.4084701531140285
975,-0.13339521,0.04655768722295761,-0.35446626181249313,1.2332919558178712
976,-0.11104626,0.0985930934548378,-0.21319789704729206,1.1541104932243615
977,-0.1173894,0.20908725261688232,-0.17570351419113178,1.1397973461109936
978,-0.12780364,0.23582963645458221,-0.1016575389786285,1.1197900683594468
979,-0.15983538,0.3375806212425232,-0.11083049612408358,1.1216735308098913
980,-0.1648546,0.21901188790798187,-0.1369675988183267,1.1279631053848436
981,-0.1792635,-0.01595083624124527,-0.1313109635298061,1.1264860546472975
982,-0.18293796,-0.019963212311267853,-0.16764091662077119,1.1370868288113432
983,-0.1980755,-0.16366885602474213,-0.1436170967954685,1.129781240303676
984,-0.19118571,-0.16513898968696594,-0.07161579069815646,1.1147997427467886
985,-0.18486619,-0.08381335437297821,0.021608853601735378,1.1108053808987906
986,-0.20081781,-0.00018584041390568018,0.021969780982436786,1.1108236939720844
987,-0.1862151,0.08675207197666168,-0.10743738031437598,1.1209572183785605
988,-0.18452513,0.1563444435596466,-0.22488615218831143,1.1591472398696594
989,-0.19333969,0.3274294435977936,-0.3374203776858762,1.221620190096061
990,-0.20634826,0.2620677351951599,-0.3557973353688993,1.2342278380148224
991,-0.23839389,0.0708392858505249,-0.2331413043964366,1.1628692168149313
992,-0.26676574,0.053455010056495667,-0.040536792362752344,1.111536687974591
993,-0.31161436,0.006715594790875912,0.024641560439076712,1.1109673599577496
994,-0.3125743,-0.02758042886853218,0.0479302626732726,1.1128242177949812
995,-0.30176902,0.04827233403921127,0.0872713964705755,1.1184248989536176
996,-0.3302062,0.04240572825074196,0.03906578672605267,1.1119895710381933
997,-0.32561135,-0.004679106641560793,-0.02843025863798966,1.1107884225442126
998,-0.30773777,-0.055839892476797104,-0.018349127326619676,1.110389017406972
999,-0.29335454,-0.050042372196912766,-0.08096792077755208,1.116159761341814
1000,-0.26808965,,-0.16514743626355716,1.1362748816752315
1001,-0.24282475,,-0.184271299088061,1.1428201849091086
1002,-0.21755984,,-0.12133138793425585,1.1240362480274524
1003,-0.19229494,,-0.03462994197699704,1.1111349841831644
1004,-0.16703004,,-0.024038189459938034,1.1105894260542848
1005,-0.14176513,,-0.00613794770149774,1.1101774371305448
